alleleCount,phen
0,10.836976788996253
0,10.154463542043231
2,11.048257429036312
0,9.214358553348575
0,10.324280809494667
0,8.692959356936626
1,9.927846727
0,11.539830529945903
0,10.119901511468925
0,10.064077114744578
0,9.350845747045241
0,10.069576928275637
0,10.063856231921818
0,9.576888388837688
1,9.729195188148879
0,9.034285314264707
0,10.723633975314442
1,9.423648349300493
1,10.725179698842112
0,9.767899747996125
0,9.698475164419506
0,10.089225562522188
1,10.277363372093532
0,9.901385495788418
0,10.110968508699443
0,10.63568377768388
0,10.400148383225314
1,11.49261704745004
0,9.795983003336005
0,9.805057987454347
1,10.067654471902642
0,9.153966967365704
0,10.816902427817695
0,9.314600379555486
0,9.601411918760277
0,9.858235960418824
0,11.285655798914377
1,9.650205768
0,10.398737375973724
1,10.522218764061108
0,8.886102095595561
1,10.076151099870913
0,8.764579656766728
0,10.824143390520476
0,11.573680002300534
1,10.140003414242528
1,11.841972977272235
0,10.277662242646329
0,10.18704382085707
0,10.194865728612058
0,8.569076412
1,9.788254245067947
0,10.272410768608097
2,10.146657915203832
0,9.925891084363684
0,10.538756835623644
0,10.172231899981853
0,9.710500636836514
0,10.38356250297511
2,9.127553001279011
0,10.086968871182762
0,10.888821550703142
1,10.20152559451526
2,9.362786452344153
0,11.512980528525077
1,9.836012270185165
1,8.808633622
0,9.255273123795632
0,10.243536708236206
0,9.654998111422174
1,10.584410588024184
0,10.166154127800837
1,10.256988364038989
0,9.747902361559682
0,10.051344483043067
1,10.30681251041824
0,9.922977035923395
0,9.314064414298628
2,11.634152193902992
1,9.192981252854224
0,9.894575633457862
1,9.799483320733998
1,9.850572719122283
0,9.257204647525214
0,9.649467587529216
0,10.104165655444376
1,10.174033471674193
1,11.075593736371957
2,11.075591897941194
1,10.887201519915834
0,10.000915273616556
0,10.54826252127532
0,10.42162466305308
0,10.163221158611123
0,10.345078439684585
0,10.06392340263119
0,9.863213206
0,10.871822802757379
0,8.764424205175601
0,8.673984852037393
0,10.65820215
0,9.890233707963489
0,9.550243807840161
0,10.292740709963255
0,9.472822674608324
0,11.116180200944655
0,10.216378744749818
1,10.593280865228735
0,10.604497142951004
1,10.201772783009801
0,10.973563067032956
0,10.239805799035821
0,11.172062204568647
0,10.334360985143576
1,10.499281995813362
0,10.537404356640764
1,9.871716815861873
0,11.30405592120951
2,9.033053623861633
0,9.325473638135009
0,9.599334975122474
1,9.634155205334537
0,9.874071583035402
0,10.743408792710397
0,11.324305343790911
0,10.312828969268594
0,8.960370768676512
0,10.560507187678013
0,10.95937807
0,10.06754318845924
1,11.216409560176544
0,9.953025442
2,10.158824710990302
0,10.89937187754549
0,8.955781006603502
0,12.36790065583773
0,9.857842899451498
0,10.435960014699958
0,10.075100040587131
0,10.989719189179596
0,9.411175158107653
0,9.520199454738759
0,10.11744729091879
0,9.505382209608797
0,9.434096369019244
1,8.521967869775835
0,10.45892535
0,10.253149087599013
1,10.632214468205348
1,9.685244554071687
0,11.564568477100693
0,9.308376036933623
1,10.187576359079685
0,10.97081005
1,9.701432314584963
0,9.503960562753491
1,9.665195919631515
1,9.842743435758166
1,10.298988570808433
0,9.686388166970573
0,10.919887259486131
0,10.97481106617488
0,9.902031917939894
0,9.834261905
0,10.203231861407403
0,10.049881288665347
0,10.326307996874675
0,10.219799092097674
0,8.851243779587094
1,9.629940019804053
0,10.401355386595242
0,9.844726564
1,11.469486586633138
0,9.013353865186218
0,10.08398005797062
1,9.736297348397784
0,11.34702773677418
0,10.747030030528549
0,10.282140407594852
0,10.859334626002237
1,10.891785731888376
0,9.321196678618435
0,10.685293455026112
0,9.897410492
1,10.177286245743744
0,10.437058834882919
1,10.813637851155363
0,9.766500549332704
1,9.585209401
1,10.037486838700715
1,10.07874924945645
0,10.727338032680564
0,9.479437050467823
0,10.49031131
1,9.564465338888112
0,9.462011057
0,9.098854247073177
0,10.500160617229994
0,10.21729198785033
1,10.41806113353232
0,9.325946570141241
0,10.878501803963445
1,10.076767790480517
1,8.951480629504658
1,9.616740321158431
0,10.286248480668291
0,9.541341623815242
1,9.874360768939368
0,10.234321723110043
0,10.370800410280935
0,9.293957502464764
0,11.32776437222492
1,9.344772847252898
0,9.960416018846445
0,10.048734423646238
0,10.502157824172173
0,10.052722630323842
0,10.983842359448317
1,10.483079768135212
1,10.347606656840071
1,10.257293559494428
0,9.673366256873123
0,9.458732444560155
1,9.820693365181796
1,10.318410769337788
0,10.329529362323228
0,9.967481011874042
0,9.634085611789487
2,9.434362104977481
0,11.061424404731952
0,9.115637956710998
0,10.119090410298668
1,9.822505366115365
1,9.444276043097489
2,8.530749062425457
0,10.697729498206172
1,10.629858376341872
1,10.921455216186587
0,10.421674227865878
0,9.80017974
1,10.04774676967645
1,9.758315788465552
0,9.164696786436252
0,9.988389807695057
0,8.921214660978876
1,10.149241540930234
0,10.794466451974586
0,9.770019567
0,10.6928034
1,10.077733820362482
1,9.754949343274347
0,9.463636314554606
0,9.633129532972816
0,10.240006768668536
0,9.720755805610679
0,9.873008932976518
0,10.705795828951523
1,9.415523312578443
0,9.128906970261596
0,9.242571168171708
0,10.030901083955541
1,8.814270588336512
0,9.794704485626426
2,9.745752018294297
0,10.623185999284033
0,9.344560142490081
1,8.976427908
0,11.508091626281384
0,10.781523243407719
0,10.598219432169572
0,10.088887819612864
0,10.099246767698787
0,9.759482560271863
1,9.289550894289277
0,10.582810949767008
0,9.807317529397551
0,10.098913373309188
1,8.308190780109726
1,9.018888932070695
1,10.797625892388169
0,10.297469671117142
0,11.114264374657068
0,9.945969092252199
0,10.631784648867324
0,9.350638041796628
1,9.277572331367992
0,9.313934812380467
0,8.742548591806553
0,10.328256975626573
0,10.808900955948047
1,9.883978499507066
0,10.243674009630922
0,9.520631939230952
1,10.75472264928976
0,10.583416218752973
0,9.419918119325303
0,10.418009649554733
0,9.945417390728835
2,9.203153670183383
0,10.65191677218536
0,9.876874504
0,10.524617531860713
0,11.071310057188384
0,10.926585308625363
0,10.24002556601772
0,11.60127681173617
1,9.884052788896952
1,9.844353073160164
1,8.825563453661744
0,10.014396593207493
0,10.098755171580706
0,10.13189285423141
1,10.24075957905734
1,10.246444176940713
0,9.516387753072195
0,9.439714945
0,10.086246338731144
0,10.271886663744226
0,8.576444133534096
0,11.210267559974454
1,10.588114768324886
0,8.642471325176302
0,9.884230275987647
1,10.285883612232283
1,10.903550031012855
1,10.331111451960169
0,10.721475514932536
1,10.859691012534313
1,9.109548712498508
2,10.734311963664368
0,9.445375502458774
0,9.790467924
1,11.529995591146871
0,9.686097290890757
0,8.84035235
1,10.399726866337005
0,11.33336706715636
1,10.918051662272774
0,10.28398237505462
0,10.041838044358883
0,10.830294863204472
0,9.582882924063597
0,10.954907582956366
0,9.403057452640496
0,10.63603757636156
0,9.961350734403823
1,9.200990121
0,10.976668369548861
2,10.317766957974527
1,10.018189760914538
1,9.402952982
0,10.412079676112626
0,9.446349165344145
0,11.064292384835426
0,10.340650273079518
1,10.076783809112385
0,11.36486270732712
1,10.003249114262871
1,10.589934019604698
0,9.910094956750982
1,10.13994551426731
1,10.723574284347706
1,9.962262298038695
0,9.680658689583652
0,10.557078963029198
1,10.427690318203531
1,10.039143624017015
1,10.561039844935294
1,10.694438696140423
0,9.624022470670752
0,9.033070648903958
0,10.64294830034487
0,9.111981973110233
0,8.742799894767813
0,10.068501407164149
0,12.03196031373227
0,9.479290447721723
1,10.753842553996947
0,10.571789321838878
0,10.554260833072476
0,10.694019149406813
1,11.213615951943211
1,10.152076849597506
0,9.886725661694072
0,10.351490578672383
0,11.134980833507143
0,10.003398605040275
1,10.167916486389004
0,10.996890697511844
1,9.738221153966151
0,10.016896394139621
0,10.33249344775686
1,9.726015793043189
0,9.869245401
0,9.488079291651957
0,10.085757783497684
0,9.839288970048074
1,11.616611972975079
0,9.924902906699572
0,10.69760335754836
0,10.129521656373981
0,10.13568022090476
1,9.991267823032103
0,10.407153608626686
0,9.553730281768367
0,10.787723597837612
1,11.294277698325459
0,11.26507390034385
0,10.79391010699328
0,11.021861747896764
0,9.789828813518398
0,10.475322231533937
0,10.55859463464003
0,10.540679972385988
0,10.317705751745962
1,11.700047970167361
2,9.986224903
0,10.232385925250128
0,10.513916408526711
1,10.329153849626891
2,11.222603736328892
0,10.560657577356324
1,11.092952343053184
0,10.08481688570464
1,10.073179027589504
0,10.440634363912977
0,8.975218726380263
0,9.914997550542466
1,9.921136781922542
0,11.013721432129387
1,10.146135620190762
0,11.426390166743658
1,10.969889023865107
0,9.206837274017744
1,9.838429577241186
0,10.66861436504405
1,8.774974593950901
1,9.029695322096813
1,9.674670418
0,10.372223210404627
0,10.902149841713253
0,10.579860639350954
0,9.945944335660897
0,10.02085308113601
1,9.662180668441579
1,9.276309399283491
1,9.913037237594835
0,10.059211219078861
1,11.525424413732253
0,10.538612605421804
0,11.198993466212414
0,10.304001492040697
0,9.785425571142696
0,10.5341645
0,10.381380429083947
1,10.107948119053617
0,10.13380898151081
1,9.188222414581105
0,9.898144612263422
1,10.206797891994938
0,10.772465757618193
0,9.848496746155433
0,10.727615231706295
0,10.16874077997636
0,9.286648741341196
0,9.062391004
1,10.20220963616157
1,8.606164256634656
1,10.988555227755569
1,10.248474391060881
1,10.401737006613985
0,10.242081083124503
0,9.932732168002985
0,9.361627227044664
0,11.033826446218882
0,9.106514840270393
0,10.872505839040969
0,11.096972048340831
0,9.855444084270857
1,9.930632537929341
1,10.726721982064191
1,11.058148514828645
0,9.474699701997451
0,9.632970570935868
0,9.758772667322773
0,9.626704163
0,11.395952169666998
0,10.670935301517602
0,10.198473549680784
0,10.194762121187523
0,9.182100097066723
0,10.244225409405772
0,10.33108992135385
1,9.525523908843752
0,11.512138458027039
1,9.906583376112394
1,10.05360475438647
0,9.930336857563816
0,11.489431203110144
0,9.942625086987391
0,10.551027183479164
0,10.712990314001217
0,11.038037634338252
0,9.75554486
1,10.502156442846172
1,9.90671431
1,10.506930084782653
0,9.639876293367706
0,9.483049602014944
1,9.569127183814999
0,9.721937192
0,9.426283242
1,9.577410639147274
0,9.191131090919953
0,9.667437318130396
1,10.53956075082533
1,10.554934600251727
0,11.106057129916735
0,9.538185715
0,9.766964088543318
0,9.882424431911204
0,11.341302721353713
0,9.779020589
0,10.526936286478303
0,11.01098832138814
0,10.175339039298706
2,10.290573888341896
0,10.42076747684041
0,9.402991514
0,8.752518638386391
1,8.739683226274792
1,10.482491993228905
0,10.089649526926223
0,9.349407309258822
1,9.344018555129878
0,10.025324961054139
0,9.392800706555136
0,10.53458061942365
0,10.361726166098379
1,9.681693144026212
0,9.202802876825444
0,10.53681882849196
0,10.086886050063185
0,10.042026644165162
0,8.697490556689445
0,9.188051317702048
0,10.253020251519047
1,9.103280191367958
0,10.092854078451637
0,9.927058218
0,10.578100221289787
0,9.833608440472744
0,11.155670883483253
0,10.738985882198904
1,8.455177575699054
0,9.062814016244374
0,9.253340003429912
0,10.248148338287137
2,8.629955425276421
0,10.329975363682024
0,8.071237778174691
0,9.382372109917924
0,10.347726211766712
0,10.00888060813304
1,9.004277983913198
0,9.228892285260372
1,10.934249261277728
1,9.529295774234924
1,9.604798550135456
0,11.148482725082431
0,10.736883578414563
0,11.064167557342444
0,9.312678376911208
0,9.528145207150374
0,9.872711102
0,10.435477466671728
1,10.622668155701831
0,10.041467324597761
1,9.601791885565035
0,10.072344150277786
0,9.412465687899385
0,10.347454330767505
0,10.56939056928968
0,9.786398650845513
0,8.966734354
0,9.198299865587614
0,8.668867078202311
0,10.322363646293525
1,9.905059298849665
1,10.450386445852928
0,9.837691681226715
0,10.215471228468232
0,9.347869317396544
0,10.475613638642244
0,10.224716815981083
0,11.271315324003808
0,8.978375922
0,9.266091094585136
0,10.391934396931902
0,11.917197361472063
1,10.547898395336233
0,9.465838887612335
0,10.394896152021829
1,9.556704808259383
0,9.707611390738748
1,9.368405946763232
1,9.232724452
2,9.317827856226359
0,10.387439417245332
0,10.389460877573583
1,8.199626217
1,9.480534555739723
1,10.499694040743634
0,9.234398596687242
0,9.892517439
0,9.799301758
0,10.215990785392933
0,9.637135960976593
1,9.820884202956222
0,9.454029533430003
1,10.562706025666557
0,9.891435675672255
2,9.338744891865645
0,10.92298406723421
1,10.119695719680749
0,9.565788354317192
0,10.487102571933065
0,11.064717609959189
0,9.559100988
0,10.40179850149434
0,9.781061679
0,10.829857141128741
1,8.851306419
1,9.900832757703029
0,9.183562551101204
0,9.742792579694651
0,9.529748213361017
0,9.759768778807484
0,9.632332563749515
0,10.262128018657677
1,9.114092924224678
0,10.957215678761713
0,9.635693657561205
0,10.478667109680828
1,11.008146528503858
1,10.027919740008656
0,10.702931001549587
0,9.244895252
0,10.888084476231597
0,10.070397300063632
0,10.047401777235791
0,9.727636565512512
0,8.874678699532524
1,11.125862607033923
0,8.923595133121125
0,10.116276072221808
0,10.788548071286641
0,10.160943116003182
0,9.325894111650996
0,10.674885074840859
0,8.475196266896091
1,10.793974881875329
1,9.582624356
0,9.190020500100218
1,9.232996059465222
0,10.598438134649768
0,9.353762627171818
0,9.231174672
0,9.295726786775049
0,10.244964646408334
0,10.165433082496747
0,8.948056347551756
0,10.49467278184602
0,8.690812889894005
0,10.452957909437828
0,9.725318782
0,10.22101632837439
0,10.205716797965579
0,10.169871298014186
0,9.544626370887272
0,10.117830523347948
1,9.191923135949764
1,8.798021761118434
1,9.943269881769083
0,10.362157048715744
1,9.819216566218529
1,9.622445035143755
0,9.264436697005294
0,10.058023117831908
0,9.113489500188734
0,9.204755466780625
1,11.062764487112872
0,10.765283091517631
0,9.726863054616842
0,9.696137192077003
0,10.62802442
1,9.172806111047976
0,9.492839782382362
1,10.736420580069534
0,9.646251458558254
1,9.967593830893748
1,10.085261862783227
1,10.42811832006555
1,9.649005232437048
0,8.992529220646247
0,9.855601501
1,8.556182705
0,9.656551964464597
1,10.175196220749058
0,9.063694677
1,10.312454747385345
1,9.086523603
0,10.433531825314276
0,9.056987379735801
0,11.055075539043173
0,10.976325061521493
0,8.730652003898285
1,9.029610824538395
0,9.419745079
0,8.913488989
0,9.632642503245734
0,10.045515922713093
0,12.109937451663427
1,9.729195081046782
0,10.315337032894604
0,10.643940348236356
0,10.336684248002712
0,10.966869074327406
0,9.076832616585307
1,11.167242069146596
0,10.08596367831342
0,10.451957999612205
1,9.860356728604529
0,10.53605827211868
1,10.520211122056935
0,9.907342497608624
0,10.352301101724152
0,10.669047826784663
0,8.974156265263446
0,10.128708306932822
0,9.909008196
1,10.605700118350796
0,11.174167004297487
0,10.53451484371908
1,9.151653471286409
1,9.840847626852337
0,9.434336412581615
0,10.987360435945448
0,10.304773126961663
0,8.336022999021225
0,9.756493653112557
1,10.581324202707037
0,11.155376579845324
0,9.874804031918757
0,9.110083373612724
1,10.243527423939668
0,10.237210653955117
1,10.610266508418135
0,8.418263160507195
1,8.451839030021802
0,9.599541544
0,10.333142026676796
0,10.431819433637429
0,10.282369887805544
1,9.941745106945746
0,9.183395863918122
0,10.192441233783029
0,9.825321473996155
0,10.493994253571145
0,10.26508452964481
1,8.272538762306795
0,10.631112687231507
0,9.948264563339762
0,9.205849846708588
0,11.264716507750563
1,10.25633977126563
0,9.329943527234718
1,9.586656825
0,9.593742923229001
0,9.910911667509936
0,9.29710129
0,10.405923326557968
0,10.986633926222567
0,10.774786138499621
0,10.651103386539035
0,9.734325585013721
0,9.917817701469176
0,10.377061475766823
0,9.854953945
1,8.898915521684103
0,9.211129372
0,9.957889298326336
0,10.642657959717326
0,9.554381281952374
1,9.372085932060145
0,10.641342684510164
0,9.227257184276823
1,9.305906861904077
1,8.831255706
0,9.010791667038575
0,9.142194705433212
0,9.081392365740612
1,10.298540472867899
0,9.047278443700634
0,10.819772981922142
0,8.703795122040901
1,10.747231958492193
2,10.750750689185224
0,11.242941910168156
1,10.10399698780384
0,10.038919551647268
0,9.241625728
0,10.780985685007181
0,10.008804823155515
0,10.548584940261208
0,10.005042182165198
2,9.785761062
0,9.901136232423596
0,9.358357351506129
0,10.85739161807578
0,9.519219288195018
1,9.103355623665266
2,9.854821312
0,9.945404479221907
0,10.113020972697996
1,10.384039691998623
0,10.659435105102602
0,11.481593212811276
0,8.144277495
0,11.262999481114093
0,10.435614240763243
0,9.680730631
1,9.806611401378177
0,9.798823434917722
0,9.172808823990636
1,9.874950389261357
0,8.702091699
0,10.791674157080706
1,10.735624230990652
0,10.858531726757064
1,8.087901531602256
0,10.92901051795343
0,10.875980026903562
0,10.18989928
0,10.389900040696375
0,10.566622964630369
1,8.519181089824997
2,9.600850515591446
0,9.603238171315752
1,9.470331252610777
0,10.527160433935933
0,10.065578304347582
1,9.195454880478792
0,9.672517680155579
1,10.831345169397537
0,9.299341030302458
0,10.500664402963594
1,10.488660850038286
0,9.553865725698415
1,9.834459686710034
0,11.155953173409216
0,9.975627098116092
0,9.677120566484518
2,9.528371424472425
0,9.400990871188696
0,10.828913821431343
0,10.296832367836032
1,10.865564101142809
1,9.760059430322144
0,10.611144689260982
2,9.042019520304166
0,10.618639193358831
1,9.970049422117881
1,10.339600997744128
0,10.70942282746546
0,9.920596494688652
0,9.661123616970144
0,10.185971184517257
0,10.616804272285663
0,9.995598913
0,10.662426454247907
0,10.105409052746836
0,12.647429954144172
0,10.594045494566672
0,10.95926975418115
0,9.764889425
1,10.580535393732134
0,9.889234563
2,10.498853842611425
0,11.014039501431398
0,10.409706963575445
0,8.904379886
0,9.290917879
1,9.701659265
0,10.338548042695038
0,10.032984469900839
0,10.848498049599584
1,10.109560960379895
0,11.663077106582932
0,9.345424781
0,9.733791940263472
2,10.702017554431222
1,10.249555868969765
0,9.943614198244177
0,10.251695304526947
0,10.10794289491605
0,10.10008826048579
1,9.387715928605758
1,10.221913346438669
0,10.348611364664976
0,10.647107805358246
1,10.352370266686194
0,10.493172490852885
0,9.024548220797442
0,9.895795484946575
0,10.112730740453117
0,11.010568201600108
0,9.359003945777658
0,11.070193532737903
0,9.724394218879752
0,10.640803556307219
1,10.390207478194498
1,10.224896658095531
0,10.017063727020286
0,9.363358460715972
0,8.952687659068033
0,9.447455332672689
0,9.888376778
1,10.013577943551354
1,9.539598826668225
1,10.036822825146373
0,9.325547786371317
1,10.95331944595091
1,10.169306474621408
0,10.830615294689778
0,11.516934233601205
0,8.873928897
0,10.31216598075116
0,10.851114538847469
0,9.073335535416845
1,10.806021905562375
0,10.300296050845645
0,10.62673064309638
0,11.237445545441005
1,9.899266429129057
0,10.825098671542946
2,10.722999207733665
0,10.798089399700984
1,11.439799664891325
0,8.928352469927631
0,10.352085248974618
0,9.768242264050059
0,9.944566560792737
0,11.616283965180628
0,10.404447701817844
0,9.177123829140328
0,9.745325276220683
0,9.163064810039941
0,9.795719377580099
0,11.050946387054864
1,11.79139669041615
0,10.108959202596452
0,9.461876469431445
0,10.062137600558344
0,9.858746125886682
0,10.144040405808482
0,9.752176974
1,9.300245934
0,9.334434706135653
0,9.762276186957024
0,10.774202409083955
0,9.677496119751595
1,8.592782281863037
0,9.034021421
0,9.947272505960427
0,10.472136155760381
0,10.774497580598108
0,10.155675738002174
0,9.277716801094357
0,10.76073537
1,10.19565207825508
0,9.767638657125644
1,10.418950250255875
0,10.712778349930886
0,10.729631959984545
0,10.169394208060112
0,9.939840093604289
0,9.404608081036713
0,9.993190563167445
0,10.578167972096708
0,8.495904755196534
0,9.097117839730345
0,9.312819747137837
1,8.643429315998219
0,10.271893436845858
0,11.429762224084698
0,9.549984755984042
1,10.029990133887623
1,9.808549279696308
0,8.774878540134523