Height,Pop
10.2994,1
11.7542,1
10.6013,1
9.27538,1
11.6015,1
8.92422,1
9.82898,1
10.9703,1
10.8896,1
9.43809,1
8.63186,1
10.0543,1
9.19152,1
9.71628,1
9.33001,1
9.25459,1
10.8991,1
8.21789,1
10.2401,1
9.0979,1
11.1011,1
10.9278,1
9.57353,1
9.84255,1
11.1848,1
11.4827,1
10.8342,1
12.2782,1
9.17463,1
9.54443,1
10.1207,1
8.80264,1
10.7999,1
8.23843,1
9.62489,1
8.61495,1
10.3197,1
8.9092,1
10.2281,1
10.2539,1
9.51686,1
10.486,1
6.72813,1
10.0498,1
11.7029,1
11.1384,1
11.8711,1
10.0113,1
9.81303,1
9.68853,1
7.4658,1
11.0525,1
12.3319,1
10.9694,1
8.44402,1
12.1115,1
11.3315,1
10.6786,1
11.6298,1
8.84983,1
11.1475,1
13.499,1
9.91352,1
11.2368,1
11.9897,1
9.75234,1
9.30342,1
9.19912,1
10.4987,1
10.8694,1
10.7156,1
10.6803,1
9.25746,1
7.9909,1
10.1908,1
9.37824,1
9.4497,1
9.46236,1
11.8955,1
8.65605,1
9.82019,1
9.70984,1
8.94963,1
10.8287,1
9.7192,1
11.8597,1
10.0383,1
11.4483,1
11.474,1
12.4311,1
8.48723,1
10.7375,1
10.7234,1
10.6985,1
9.60397,1
11.3042,1
10.1217,1
8.94641,1
8.62883,1
10.9119,1
9.48326,1
10.5922,1
11.3376,1
10.1277,1
8.94864,1
10.833,1
10.2781,1
10.8903,1
10.6808,1
8.23668,1
11.4779,1
11.3153,1
11.1726,1
11.4741,1
9.60809,1
10.27,1
9.01232,1
10.6688,1
8.80172,1
8.12395,1
10.9236,1
9.3754,1
9.54462,1
11.1088,1
11.4598,1
9.15541,1
8.24096,1
10.4633,1
11.4066,1
10.611,1
8.90963,1
10.9455,1
10.3411,1
12.5722,1
7.71911,1
11.305,1
9.88055,1
10.9956,1
11.2413,1
11.2108,1
10.2618,1
11.3902,1
9.58143,1
9.45985,1
9.29681,1
7.86685,1
10.2165,1
10.428,1
11.1452,1
11.7459,1
11.0307,1
8.73591,1
10.1801,1
10.4436,1
9.17295,1
8.51093,1
9.21968,1
9.33919,1
9.64095,1
7.89261,1
11.083,1
12.1721,1
9.70082,1
9.89598,1
8.62346,1
11.0854,1
10.7266,1
10.7435,1
8.1207,1
10.2785,1
11.1932,1
10.0011,1
11.4838,1
8.92935,1
9.45982,1
9.70283,1
13.2513,1
10.5283,1
9.61869,1
11.0338,1
10.0922,1
9.85391,1
9.23246,1
9.91659,1
10.2154,1
10.3641,1
9.90884,1
10.9491,1
9.90801,1
10.4793,1
11.0861,1
10.3822,1
9.39173,1
11.4664,1
8.65201,1
9.93917,1
9.22931,1
11.1507,1
11.1178,1
9.73918,1
9.4466,1
11.6657,1
9.87944,1
9.6142,1
10.0053,1
10.9909,1
10.7011,1
8.94175,1
9.38803,1
9.31001,1
9.97908,1
10.3349,1
10.2597,1
11.2906,1
11.535,1
11.0319,1
10.1372,1
11.5378,1
11.6238,1
9.03665,1
10.856,1
10.5908,1
8.97125,1
10.0496,1
9.49634,1
9.76586,1
9.69424,1
8.05339,1
8.24204,1
11.2944,1
9.4291,1
9.56426,1
10.0397,1
9.59094,1
8.47488,1
10.0626,1
11.4728,1
11.5566,1
9.66247,1
8.90139,1
9.22983,1
9.21772,1
9.40457,1
8.34528,1
9.56877,1
10.1042,1
10.1662,1
8.1754,1
11.3395,1
11.9383,1
8.8328,1
8.24716,1
8.72416,1
11.8677,1
10.7331,1
9.85673,1
11.0334,1
10.7901,1
9.72963,1
8.15288,1
10.5593,1
9.48015,1
9.79683,1
8.96832,1
9.82819,1
8.98835,1
8.67493,1
11.7685,1
11.4841,1
10.7944,1
9.40482,1
11.3011,1
10.3162,1
8.64253,1
9.52795,1
11.3655,1
8.7695,1
7.79888,1
10.4399,1
10.2565,1
10.0797,1
10.3753,1
9.15389,1
10.3233,1
8.41547,1
9.53224,1
9.99242,1
8.59245,1
11.0455,1
10.8074,1
10.2662,1
10.4709,1
9.28587,1
10.0062,1
10.8145,1
10.9599,1
10.8893,1
8.69984,1
7.6556,1
10.6554,1
9.83909,1
8.74811,1
11.8412,1
12.0102,1
9.08921,1
11.0422,1
10.8607,1
8.99292,1
9.74648,1
10.0694,1
11.053,1
9.62323,1
9.08198,1
9.73373,1
8.4601,1
10.994,1
10.266,1
8.00924,1
9.49557,1
11.5598,1
9.72232,1
8.87517,1
9.18922,1
9.75029,1
11.4612,1
10.462,1
10.2632,1
10.4291,1
7.94006,1
11.4832,1
9.73039,1
9.40777,1
10.7774,1
9.92489,1
7.75754,1
10.7072,1
11.1814,1
10.7044,1
10.3732,1
10.1504,1
10.7165,1
8.69754,1
11.262,1
9.02757,1
11.7708,1
9.51134,1
7.88595,1
11.1369,1
10.2638,1
10.6863,1
8.42841,1
9.06173,1
9.39482,1
11.8494,1
10.6833,1
8.95431,1
10.8664,1
10.1641,1
11.8239,1
8.64293,1
9.77009,1
13.9043,1
9.112,1
10.4477,1
10.4492,1
11.2958,1
9.11438,1
11.59,1
11.845,1
10.4246,1
8.62233,1
11.9582,1
7.98676,1
8.81591,1
8.59479,1
11.9972,1
9.65612,1
10.931,1
11.5236,1
10.5947,1
10.5321,1
12.5653,1
8.30371,1
8.63624,1
10.1943,1
10.4977,1
11.1416,1
10.9728,1
11.1276,1
8.46037,1
8.10257,1
8.81425,1
10.2256,1
11.4462,1
8.94086,1
9.28771,1
10.8156,1
11.1347,1
9.52114,1
10.5456,1
10.1458,1
8.05318,1
9.90967,1
10.9666,1
9.51214,1
11.6585,1
12.1438,1
8.7533,1
11.3728,1
12.5534,1
9.82118,1
11.1882,1
10.1186,1
10.6552,1
10.9903,1
12.1704,1
9.14606,1
11.2641,1
10.3459,1
9.49206,1
10.8897,1
9.40805,1
9.53488,1
10.4282,1
10.5482,1
10.9272,1
10.7077,1
9.79405,1
9.62237,1
9.97613,1
8.64356,1
11.9567,1
11.591,1
10.0911,1
10.1677,1
8.94267,1
9.24235,1
8.34934,1
9.07185,1
10.5795,1
9.53298,1
10.61,1
9.59048,1
9.62386,1
9.56229,1
9.29507,1
9.48537,1
10.3335,1
11.8589,1
9.50739,1
9.05049,1
10.896,1
9.77897,1
11.9226,1
8.9767,1
10.9607,1
9.60594,1
7.96896,1
10.0182,1
9.43038,1
9.93003,1
8.34476,1
10.2669,1
9.98314,1
9.68285,1
9.72422,1
9.20471,1
7.36869,1
10.5575,1
10.6402,1
10.5474,1
9.62558,1
10.7034,1
9.72557,1
10.2412,1
9.46335,1
9.93038,1
10.4502,1
10.5401,1
9.66649,1
11.4288,1
11.7227,1
9.38101,1
9.06655,1
10.7555,1
9.93923,1
11.4127,1
10.3789,1
10.3803,1
11.3184,1
8.1465,1
9.01677,1
10.1794,1
9.63363,1
11.7762,1
9.98386,1
11.1857,1
10.5428,1
10.9214,1
9.90264,1
11.7475,2
10.2318,2
11.0818,2
8.59323,2
10.7947,2
9.21845,2
9.17125,2
9.15535,2
9.24896,2
8.50878,2
10.0125,2
9.53709,2
11.8541,2
10.6232,2
8.30244,2
12.0121,2
10.611,2
10.559,2
8.62705,2
10.6718,2
8.84853,2
11.7274,2
8.07065,2
9.9173,2
11.377,2
10.8657,2
11.4172,2
10.5734,2
8.86215,2
9.55458,2
8.72468,2
10.2606,2
10.1824,2
8.43841,2
9.26046,2
9.12932,2
9.87637,2
9.37053,2
9.91272,2
10.0718,2
10.0128,2
9.82156,2
9.92587,2
9.77748,2
8.86311,2
7.3624,2
9.41287,2
8.82801,2
10.0565,2
9.81676,2
10.0675,2
10.5457,2
10.4816,2
9.33995,2
8.39024,2
8.96292,2
9.94789,2
11.4936,2
8.36739,2
9.6843,2
7.72509,2
9.74989,2
10.0962,2
8.88448,2
8.57608,2
9.7502,2
11.2723,2
11.1841,2
10.5745,2
12.8954,2
10.8302,2
9.86208,2
9.83367,2
8.45133,2
10.6074,2
9.87337,2
9.92261,2
10.2204,2
9.894,2
12.5384,2
10.1634,2
9.96025,2
11.9534,2
8.47491,2
8.1441,2
8.36199,2
10.2539,2
9.07593,2
9.92119,2
11.4612,2
11.2297,2
9.86769,2
7.61925,2
11.8374,2
11.2753,2
10.3744,2
8.71594,2
8.92789,2
10.934,2
13.5425,2
9.98389,2
9.4764,2
11.4892,2
8.24573,2
8.24298,2
9.95391,2
7.5896,2
9.65583,2
10.8925,2
8.87891,2
7.81767,2
9.49448,2
10.8508,2
7.93503,2
10.4668,2
10.1165,2
10.5879,2
9.18987,2
8.93932,2
8.45408,2
10.779,2
9.13811,2
8.70008,2
12.2714,2
10.7076,2
8.99425,2
10.6701,2
11.2652,2
9.78229,2
8.93139,2
10.7703,2
9.73898,2
8.61352,2
8.81226,2
8.38656,2
7.95362,2
9.63212,2
9.7052,2
10.4465,2
10.6371,2
8.2184,2
10.2624,2
8.41668,2
10.1344,2
11.6552,2
9.24626,2
11.3535,2
7.8346,2
10.9005,2
10.0704,2
10.5503,2
8.13678,2
9.71945,2
11.9183,2
7.96809,2
9.956,2
10.412,2
10.8802,2
9.23658,2
10.8665,2
8.87757,2
12.3082,2
8.64636,2
9.1327,2
8.98853,2
11.448,2
8.88515,2
8.51187,2
10.1638,2
9.42355,2
11.1893,2
8.86834,2
9.02647,2
7.77836,2
8.9545,2
10.7351,2
10.2332,2
9.7289,2
10.0227,2
9.81364,2
10.0281,2
9.27714,2
9.23514,2
10.3786,2
10.2468,2
10.4394,2
9.27459,2
8.62279,2
9.78096,2
9.56821,2
10.3228,2
12.1717,2
9.89786,2
9.55137,2
10.1841,2
10.9505,2
8.05126,2
8.26595,2
11.6683,2
8.79129,2
10.4635,2
11.2483,2
9.40328,2
9.89936,2
8.65391,2
9.98503,2
8.78783,2
9.61877,2
9.5041,2
8.17041,2
11.2466,2
11.224,2
10.5739,2
8.44625,2
11.37,2
12.3753,2
9.26767,2
9.6285,2
9.04892,2
9.59721,2
7.78791,2
11.7425,2
12.7243,2
9.61232,2
10.0839,2
11.4179,2
10.6504,2
10.819,2
11.8493,2
11.6643,2
10.705,2
10.2851,2
8.42779,2
10.743,2
10.073,2
10.9246,2
9.92578,2
11.3219,2
8.70018,2
9.23479,2
9.91439,2
10.4282,2
11.6124,2
12.6743,2
8.67694,2
9.75414,2
9.617,2
11.0001,2
10.1473,2
8.29812,2
10.7598,2
11.2877,2
11.7483,2
10.3197,2
6.77052,2
11.1486,2
9.81322,2
11.4581,2
7.16678,2
8.02634,2
11.3437,2
9.89195,2
9.44882,2
10.7327,2
9.95588,2
10.522,2
9.85394,2
9.75781,2
12.2726,2
9.91301,2
9.6771,2
10.6363,2
8.9343,2
10.0802,2
12.2302,2
9.51658,2
9.39856,2
10.2522,2
10.2898,2
8.41775,2
8.26053,2
11.3452,2
10.2723,2
10.2577,2
11.9943,2
10.1878,2
10.0725,2
10.4233,2
9.68692,2
7.71707,2
10.1146,2
11.206,2
10.7291,2
9.32753,2
6.75788,2
11.5674,2
8.32458,2
9.66078,2
9.57867,2
10.0837,2
8.8815,2
9.16443,2
9.18177,2
9.09061,2
11.0789,2
9.13189,2
10.9413,2
10.5135,2
11.5697,2
10.2244,2
10.0193,2
9.64393,2
10.4571,2
10.4992,2
10.7316,2
11.1644,2
11.3939,2
7.98576,2
9.17741,2
10.8067,2
10.2076,2
8.59442,2
9.95608,2
11.5657,2
10.2777,2
10.2102,2
12.0546,2
12.0815,2
7.6752,2
12.2387,2
10.2298,2
10.236,2
8.70178,2
9.0519,2
7.63452,2
10.4384,2
8.35328,2
9.34568,2
8.94971,2
10.8274,2
7.84361,2
12.6724,2
10.9999,2
11.0626,2
10.693,2
8.93222,2
9.30103,2
8.55766,2
10.0552,2
9.45478,2
11.3829,2
10.5006,2
10.439,2
8.8338,2
10.9865,2
8.81451,2
10.921,2
8.96444,2
9.53878,2
10.2377,2
12.2486,2
10.9981,2
8.4117,2
8.38871,2
9.16258,2
11.3966,2
9.38582,2
10.9107,2
10.0484,2
12.0906,2
9.83198,2
11.5035,2
10.4156,2
10.6,2
11.6519,2
10.1993,2
8.8447,2
8.93402,2
11.6118,2
8.52896,2
10.9306,2
8.92768,2
13.0171,2
11.0287,2
11.9054,2
9.22966,2
10.4369,2
11.1613,2
10.407,2
11.7262,2
9.18321,2
10.0523,2
8.96497,2
10.5154,2
11.5653,2
10.8541,2
10.227,2
8.79236,2
13.3022,2
8.63103,2
9.46464,2
10.6635,2
10.5912,2
9.62411,2
10.3821,2
10.7343,2
9.32612,2
9.38273,2
10.5763,2
10.1865,2
12.3476,2
11.309,2
11.0006,2
8.68286,2
10.1706,2
9.65594,2
12.2717,2
7.78985,2
10.7173,2
9.86641,2
10.639,2
10.7581,2
9.94995,2
10.7728,2
9.45726,2
8.81946,2
8.38019,2
9.27377,2
10.2695,2
9.08404,2
9.78889,2
8.88045,2
11.3752,2
11.0925,2
10.207,2
12.081,2
10.2371,2
9.95173,2
10.5042,2
9.00612,2
10.6776,2
10.4884,2
9.74049,2
12.4747,2
9.94961,2
10.751,2
12.0356,2
9.64389,2
10.3512,2
8.55261,2
10.4997,2
10.3191,2
10.7441,2
12.3945,2
10.8928,2
7.8567,2
9.12963,2
10.0649,2
9.64979,2
11.6984,2
11.7765,2
11.1657,2
9.2823,2
10.6458,2
8.24916,2
10.3506,2
10.7782,2
10.2242,2
8.92796,2
9.79434,2
11.4825,2
9.65219,2
8.99397,2
8.99386,2
10.524,2
11.4345,2
10.2433,2
10.4129,2
8.55233,2
10.4519,2
11.4076,2
9.15429,2
10.2206,2
11.25,2
11.3384,2
9.0551,2
10.5986,2
10.2928,2
9.92347,2
9.80201,2
9.88239,2
7.46684,2
8.41332,2
9.33734,2
11.0125,2
11.7013,2
9.50578,2
10.3187,2
9.59622,2
8.6256,2