id,position,effect
0,12057.0,0.014268849045038223
1,63912.0,-0.01770469732582569
2,88843.0,-0.11588773131370544
3,90653.0,-0.03132956102490425
4,106282.0,-0.029449861496686935
5,141213.0,-0.012565633282065392
6,150998.0,-0.07732902467250824
7,151421.0,-0.08798370510339737
8,214609.0,0.11953926086425781
9,226062.0,0.037111639976501465
10,254052.0,0.09212152659893036
11,272956.0,-0.07748699933290482
12,283294.0,0.013094891794025898
13,291906.0,0.004617004655301571
14,297228.0,-0.048685770481824875
15,350956.0,-0.05796036124229431
16,365086.0,0.046975523233413696
17,378275.0,-0.057897672057151794
18,382870.0,0.07828234881162643
19,398039.0,-0.028184229508042336
20,405905.0,0.0790925920009613
21,428942.0,0.03507549315690994
22,452188.0,0.02447918988764286
23,469296.0,0.06796285510063171
24,486600.0,-0.012469268403947353
25,491318.0,0.013055125251412392
26,511600.0,0.042563896626234055
27,516936.0,0.11332590878009796
28,531235.0,-0.0020190991926938295
29,553098.0,0.03214460238814354
30,558514.0,0.07942850142717361
31,604893.0,-0.03365236520767212
32,621830.0,0.017161715775728226
33,643288.0,0.15728195011615753
34,660580.0,0.005193498916924
35,666257.0,-0.09634280204772949
36,705053.0,-0.02872803620994091
37,737912.0,0.014122148975729942
38,751566.0,-0.07147621363401413
39,772185.0,0.07153281569480896
40,780900.0,-0.04854868724942207
41,805106.0,0.025477835908532143
42,812693.0,0.045254774391651154
43,813890.0,0.1088215708732605
44,858774.0,0.10604112595319748
45,869453.0,0.004215632099658251
46,872435.0,0.004628301132470369
47,917592.0,0.07405733317136765
48,928179.0,-0.08193294703960419
49,942261.0,0.052528686821460724
50,945599.0,0.03506346046924591
51,969054.0,-0.007671090308576822
52,1026297.0,-0.011132938787341118
53,1026329.0,0.07171538472175598
54,1068476.0,0.024393616244196892
55,1105470.0,-0.020027577877044678
56,1137833.0,-0.0378364697098732
57,1177515.0,0.030633317306637764
58,1184153.0,-0.014061098918318748
59,1185895.0,0.018642263486981392
60,1251793.0,-0.03613264113664627
61,1251887.0,0.10058294981718063
62,1260631.0,0.15406645834445953
63,1262989.0,0.08110097050666809
64,1273690.0,-0.03576560318470001
65,1299364.0,-0.027471834793686867
66,1313148.0,-0.05220777168869972
67,1316033.0,0.03333434835076332
68,1329855.0,0.06395554542541504
69,1360078.0,0.07194946706295013
70,1378685.0,0.0491320863366127
71,1415062.0,0.0709393098950386
72,1421380.0,-0.04894142597913742
73,1428171.0,0.07704796642065048
74,1429672.0,-0.013842819258570671
75,1456246.0,-0.000966378953307867
76,1470489.0,0.02307274006307125
77,1483692.0,0.09479881823062897
78,1488257.0,-0.05650339648127556
79,1499867.0,0.011501817964017391
80,1510235.0,0.007841166108846664
81,1525122.0,-0.0014678183943033218
82,1527530.0,0.0563720241189003
83,1608444.0,-0.028561750426888466
84,1615594.0,0.04108243063092232
85,1618400.0,-0.027851784601807594
86,1618978.0,-0.0027643723879009485
87,1624584.0,0.09342578798532486
88,1628496.0,-0.02367931790649891
89,1651541.0,-0.017960499972105026
90,1689590.0,-0.02316933125257492
91,1728111.0,-0.03801244869828224
92,1737773.0,-0.05324350669980049
93,1738571.0,0.05546332895755768
94,1747831.0,-0.18344932794570923
95,1754200.0,0.08154331892728806
96,1760247.0,0.0055641126818954945
97,1763900.0,0.020279355347156525
98,1776867.0,0.0033936172258108854
99,1785661.0,0.015795359387993813
100,1803372.0,0.027243439108133316
101,1812923.0,-0.01870499923825264
102,1817613.0,-0.029910175129771233
103,1837310.0,0.0005588227068074048
104,1856137.0,0.0027024063747376204
105,1867816.0,-0.007937307469546795
106,1870903.0,0.07168778032064438
107,1872780.0,-0.010276400484144688
108,1883462.0,0.02087334357202053
109,1914435.0,-0.05924367159605026
110,1916372.0,-0.04317331686615944
111,1916594.0,0.10080798715353012
112,1918356.0,-0.020367762073874474
113,1937010.0,-0.08841270953416824
114,2003860.0,-0.07804423570632935
115,2026803.0,0.0697428360581398
116,2062975.0,0.08065614104270935
117,2065796.0,0.032597992569208145
118,2075704.0,0.028961045667529106
119,2108163.0,0.012597030960023403
120,2113092.0,0.036263417452573776
121,2163101.0,0.008916678838431835
122,2164563.0,-0.021016757935285568
123,2166916.0,0.07942352443933487
124,2230307.0,-0.037781842052936554
125,2246160.0,-0.0032176212407648563
126,2263723.0,0.0735745057463646
127,2298339.0,0.024698009714484215
128,2303656.0,-0.07523126900196075
129,2311891.0,0.0232986006885767
130,2329789.0,0.04693002626299858
131,2341144.0,-0.0034912419505417347
132,2349267.0,-0.05105654522776604
133,2359983.0,2.1174764697207138e-05
134,2378583.0,-0.016317080706357956
135,2381694.0,-0.07585974782705307
136,2432102.0,0.0005578152486123145
137,2444953.0,-0.00020845355174969882
138,2495758.0,0.00691553670912981
139,2586020.0,0.03652781993150711
140,2590501.0,0.030348986387252808
141,2594488.0,0.059440985321998596
142,2600392.0,0.004466717597097158
143,2621985.0,0.013326616957783699
144,2633781.0,0.0368913970887661
145,2634283.0,-0.06913913041353226
146,2685826.0,0.08259879797697067
147,2718125.0,-0.14734716713428497
148,2756120.0,0.07176459580659866
149,2774725.0,-0.06436765938997269
150,2796725.0,0.06251665204763412
151,2829314.0,0.007130754645913839
152,2860131.0,0.012162460014224052
153,2860728.0,0.08398838341236115
154,2869487.0,0.0183932613581419
155,2877766.0,-0.012071169912815094
156,2896498.0,0.09952273219823837
157,2904255.0,0.025449007749557495
158,2921378.0,-0.02927722968161106
159,2928289.0,0.08188115805387497
160,2954467.0,-0.052158113569021225
161,2973600.0,0.1028686910867691
162,2994056.0,0.04592469707131386
163,3024613.0,0.023709842935204506
164,3036597.0,0.09224557876586914
165,3053378.0,0.00026519084349274635
166,3088077.0,0.042757175862789154
167,3121080.0,-0.024916332215070724
168,3153834.0,0.10777363181114197
169,3163625.0,-0.04112415760755539
170,3167153.0,-0.058567970991134644
171,3211696.0,0.060212548822164536
172,3246453.0,0.0011811224976554513
173,3249934.0,0.11511021852493286
174,3256810.0,-0.08426086604595184
175,3263642.0,0.021439725533127785
176,3284182.0,0.044941410422325134
177,3288547.0,-0.14833314716815948
178,3309557.0,-0.006219650153070688
179,3329630.0,0.041006118059158325
180,3344288.0,-0.04393397644162178
181,3379805.0,0.020002909004688263
182,3391966.0,-0.03190287947654724
183,3400728.0,-0.04338936507701874
184,3411421.0,0.03339127451181412
185,3422897.0,0.10136813670396805
186,3425001.0,0.07496308535337448
187,3443647.0,0.0397820807993412
188,3473684.0,0.02730097435414791
189,3481641.0,0.07571607828140259
190,3507575.0,-0.04508901759982109
191,3524646.0,0.048100121319293976
192,3526829.0,0.032054491341114044
193,3532246.0,0.09222222119569778
194,3582367.0,0.07795266062021255
195,3624201.0,0.04961620643734932
196,3653800.0,-0.03841038793325424
197,3661124.0,-0.030647769570350647
198,3664739.0,-0.01896628737449646
199,3671719.0,-0.06330008804798126
200,3674970.0,0.025557486340403557
201,3682171.0,0.013829397037625313
202,3700706.0,0.05499973148107529
203,3702189.0,0.020546572282910347
204,3740109.0,0.005451141390949488
205,3745472.0,0.016774006187915802
206,3757303.0,0.036179762333631516
207,3763069.0,-0.0420379713177681
208,3779188.0,-0.06461337953805923
209,3783267.0,0.043198421597480774
210,3787947.0,0.03487492725253105
211,3837536.0,0.004076572135090828
212,3855156.0,0.07311517000198364
213,3873269.0,0.03861021623015404
214,3873687.0,-0.0017078445525839925
215,3911705.0,-0.049068890511989594
216,3919175.0,-0.022015303373336792
217,3951051.0,-0.008206479251384735
218,3993339.0,0.009279652498662472
219,4054667.0,0.09701022505760193
220,4059841.0,-0.010163366794586182
221,4064962.0,0.03635457530617714
222,4085151.0,0.01476461160928011
223,4094740.0,-0.01589967869222164
224,4117970.0,0.012290224432945251
225,4130100.0,0.03739352151751518
226,4150998.0,0.04524574801325798
227,4157220.0,0.1334877610206604
228,4182042.0,0.03219950199127197
229,4214023.0,0.011362715624272823
230,4233988.0,-0.07372821867465973
231,4242106.0,-0.05956729128956795
232,4284103.0,-0.04299389570951462
233,4292147.0,0.038629695773124695
234,4306799.0,-0.01777062378823757
235,4347992.0,-0.07679015398025513
236,4361904.0,-0.04810452088713646
237,4378522.0,0.03829400986433029
238,4393299.0,-0.020554576069116592
239,4429487.0,0.08815442770719528
240,4446102.0,-0.02592978999018669
241,4448881.0,-0.0834801122546196
242,4477059.0,-0.0422128401696682
243,4524782.0,0.023002037778496742
244,4525793.0,0.010004812851548195
245,4527895.0,-0.034270137548446655
246,4544981.0,0.07162432372570038
247,4563333.0,-0.07218701392412186
248,4565491.0,-0.04325219243764877
249,4584812.0,-0.05737319588661194
250,4623292.0,0.056664157658815384
251,4639650.0,0.017793988808989525
252,4662377.0,0.013883995823562145
253,4728067.0,0.03508484363555908
254,4734418.0,-0.02422162890434265
255,4754865.0,-0.0035285514313727617
256,4764111.0,-0.01055348850786686
257,4766101.0,0.04240664839744568
258,4775958.0,-0.03942620009183884
259,4786931.0,0.002153429202735424
260,4794381.0,-0.013264440931379795
261,4803855.0,0.02768012136220932
262,4804154.0,-0.05824891850352287
263,4805149.0,-0.022607240825891495
264,4821259.0,-0.017348993569612503
265,4834962.0,-0.03568379208445549
266,4864595.0,0.00662078894674778
267,4873221.0,0.018314557150006294
268,4892917.0,0.05440985783934593
269,4940062.0,0.04073189198970795
270,4942261.0,0.04150545224547386
271,4943789.0,0.015858013182878494
272,4963532.0,0.1280762106180191
273,4972856.0,0.04675232246518135
274,4978588.0,-0.0067322589457035065
275,4980486.0,-0.07868894189596176
276,5011457.0,0.05930497124791145
277,5012207.0,0.046263087540864944
278,5014068.0,0.054548099637031555
279,5040384.0,-0.05668625980615616
280,5060923.0,0.01319391280412674
281,5061601.0,0.12073968350887299
282,5065308.0,-0.06986235827207565
283,5067399.0,-0.06636529415845871
284,5068577.0,0.0532834418118
285,5071312.0,-0.04452918469905853
286,5085360.0,-0.05159794166684151
287,5114747.0,0.01971585676074028
288,5131027.0,0.04108996316790581
289,5136151.0,-0.0017669911030679941
290,5144170.0,0.016897521913051605
291,5166691.0,0.07031145691871643
292,5181705.0,-0.0534493625164032
293,5196349.0,0.051851604133844376
294,5240055.0,-0.031032536178827286
295,5251791.0,-0.006155218463391066
296,5258219.0,-0.02361561730504036
297,5279147.0,-0.046141233295202255
298,5298377.0,0.02932153083384037
299,5315854.0,0.05787758156657219
300,5316312.0,-0.02003973349928856
301,5316336.0,-0.05628471076488495
302,5357337.0,-0.09243744611740112
303,5370876.0,-0.01947765238583088
304,5374724.0,0.11316107213497162
305,5403801.0,-0.06460866332054138
306,5421587.0,0.046111878007650375
307,5458208.0,-0.004510501399636269
308,5458375.0,0.07196537405252457
309,5462348.0,-0.006677142810076475
310,5474121.0,0.03343107923865318
311,5501774.0,0.04000762477517128
312,5531387.0,0.059394098818302155
313,5542875.0,-0.0029209170024842024
314,5554278.0,-0.021407779306173325
315,5566698.0,0.002565588802099228
316,5570083.0,0.1092810183763504
317,5589492.0,0.06392577290534973
318,5615915.0,0.00457426393404603
319,5620414.0,-0.06471702456474304
320,5627167.0,-0.02609589323401451
321,5636556.0,0.06572021543979645
322,5668481.0,-0.10904676467180252
323,5724458.0,0.08050473034381866
324,5728495.0,0.05707867071032524
325,5736867.0,0.010143322870135307
326,5742168.0,-0.01307858806103468
327,5780986.0,0.004241174552589655
328,5804304.0,0.045288316905498505
329,5807408.0,-0.03631593659520149
330,5820586.0,-0.02994786947965622
331,5825528.0,0.027434177696704865
332,5841879.0,-0.029343057423830032
333,5856340.0,-0.018152432516217232
334,5858302.0,-0.02854873612523079
335,5866128.0,-0.02950572595000267
336,5891374.0,-0.02018885686993599
337,5913532.0,0.07033193111419678
338,5920815.0,-0.05685552582144737
339,5949050.0,0.03325655311346054
340,5993335.0,0.013032483868300915
341,6006206.0,-0.031881507486104965
342,6025337.0,-0.07417768985033035
343,6030818.0,-0.06594894826412201
344,6042537.0,0.014467176981270313
345,6066671.0,0.03016752563416958
346,6100360.0,0.0007236971869133413
347,6125855.0,0.08064574003219604
348,6134338.0,-0.014605400152504444
349,6161321.0,-0.01754094660282135
350,6166397.0,0.04150063544511795
351,6174635.0,0.06162010505795479
352,6193438.0,-0.0023123021237552166
353,6193774.0,-0.01922699250280857
354,6269627.0,-0.03761407732963562
355,6292885.0,0.07675908505916595
356,6313288.0,-0.002503826282918453
357,6364547.0,-0.060480862855911255
358,6374474.0,0.08240850269794464
359,6377171.0,0.03462861478328705
360,6385807.0,0.062421347945928574
361,6396258.0,0.07642512768507004
362,6404406.0,-0.01731107197701931
363,6421578.0,-0.014792779460549355
364,6474398.0,0.028667816892266273
365,6481715.0,-0.08230037987232208
366,6486732.0,0.015783626586198807
367,6487425.0,-0.05233941227197647
368,6543581.0,0.012721670791506767
369,6544771.0,-0.09509451687335968
370,6556482.0,-0.008928976021707058
371,6616323.0,0.002191778738051653
372,6630924.0,0.001537111820653081
373,6631460.0,0.04638891667127609
374,6649263.0,-0.08102969825267792
375,6673949.0,0.08935882151126862
376,6682550.0,-0.015899907797574997
377,6719506.0,0.0351543053984642
378,6725073.0,-0.015998557209968567
379,6759237.0,0.007650071755051613
380,6788216.0,-0.03584912419319153
381,6798755.0,-0.0033344433177262545
382,6809764.0,0.04232693091034889
383,6814826.0,-0.021300824359059334
384,6817440.0,0.006259277928620577
385,6838942.0,0.038210563361644745
386,6847878.0,-0.007778921630233526
387,6858068.0,-0.01187522616237402
388,6867021.0,-0.05665506422519684
389,6874509.0,0.0018529057269915938
390,6890066.0,0.014457913115620613
391,6943981.0,-0.03640240058302879
392,6944678.0,0.013431398198008537
393,6944786.0,-0.016070770099759102
394,6949150.0,-0.038502633571624756
395,6983263.0,0.05338521674275398
396,6991366.0,-0.002730853855609894
397,7007835.0,-0.07256544381380081
398,7017660.0,0.10760346055030823
399,7018025.0,-0.006999175529927015
400,7064122.0,0.02258446253836155
401,7098167.0,-0.022372957319021225
402,7114370.0,-0.026319045573472977
403,7131275.0,0.07648251950740814
404,7142781.0,-0.04649015888571739
405,7146084.0,0.014771287329494953
406,7158762.0,-0.0440385602414608
407,7206952.0,-0.03587372228503227
408,7208823.0,0.05077813193202019
409,7219324.0,0.028435995802283287
410,7225296.0,0.04391653835773468
411,7225985.0,0.08401631563901901
412,7235480.0,0.020966505631804466
413,7235981.0,-0.04142516851425171
414,7246828.0,-0.04135190695524216
415,7301014.0,0.02154136635363102
416,7347336.0,0.025988075882196426
417,7373519.0,-0.06340768188238144
418,7375567.0,0.024801800027489662
419,7381300.0,0.03563321754336357
420,7393687.0,-0.04242851957678795
421,7405026.0,0.03951846808195114
422,7440252.0,0.04155414178967476
423,7491571.0,-0.012171889655292034
424,7503203.0,0.08584829419851303
425,7521924.0,0.010324212722480297
426,7550520.0,0.10353374481201172
427,7566828.0,-0.03744034841656685
428,7568742.0,-0.01183374971151352
429,7570854.0,-0.011130400002002716
430,7577353.0,-0.005891310982406139
431,7680521.0,-0.008283659815788269
432,7699858.0,0.0065560415387153625
433,7706474.0,0.03421665355563164
434,7714249.0,-0.023246973752975464
435,7722301.0,-0.020727157592773438
436,7723554.0,0.022245779633522034
437,7752120.0,0.013218777254223824
438,7778294.0,0.056287482380867004
439,7779137.0,-0.035175174474716187
440,7783592.0,0.04532323032617569
441,7808858.0,0.010259231552481651
442,7811070.0,-0.03299986571073532
443,7875761.0,-0.017885074019432068
444,7878167.0,0.028684958815574646
445,7901716.0,-0.04039730876684189
446,7926364.0,-0.027407290413975716
447,7936352.0,-0.021694302558898926
448,7941237.0,-0.025547627359628677
449,7955087.0,-0.030459746718406677
450,7979604.0,-0.024817928671836853
451,7984455.0,0.04475089907646179
452,7984487.0,-0.017565632238984108
453,7991258.0,0.05608963966369629
454,7991960.0,0.04500402882695198
455,8012413.0,-0.04327278584241867
456,8060180.0,-0.02388930507004261
457,8099905.0,0.0069312467239797115
458,8101548.0,0.0010979605140164495
459,8102617.0,0.014929266646504402
460,8111983.0,0.02206830494105816
461,8113747.0,-0.0024201739579439163
462,8121607.0,-0.06931199878454208
463,8141660.0,-0.0022436613216996193
464,8171285.0,-0.009680508635938168
465,8185990.0,0.04229486733675003
466,8186309.0,-0.04863821342587471
467,8194524.0,-0.05787154287099838
468,8214834.0,0.0006956151337362826
469,8221339.0,0.01619667373597622
470,8226087.0,-0.052109040319919586
471,8243444.0,0.017313053831458092
472,8280552.0,0.057689864188432693
473,8281612.0,0.01546767633408308
474,8284679.0,0.009740643203258514
475,8289843.0,0.023890679702162743
476,8322457.0,-0.015493527054786682
477,8351800.0,-0.07056500017642975
478,8373602.0,0.023810692131519318
479,8381093.0,0.05777733027935028
480,8386272.0,0.05915946885943413
481,8397352.0,0.05318642780184746
482,8420748.0,0.03501289710402489
483,8453236.0,0.018423577770590782
484,8454362.0,0.015353916212916374
485,8456193.0,-0.041982460767030716
486,8477718.0,0.019451607018709183
487,8480972.0,-0.08997946977615356
488,8490796.0,0.06994824856519699
489,8495301.0,0.004189817234873772
490,8506123.0,-0.013797883875668049
491,8507920.0,0.019171884283423424
492,8524512.0,-0.08187016099691391
493,8525781.0,0.017658375203609467
494,8527559.0,0.005559216253459454
495,8553547.0,-0.0758775919675827
496,8578384.0,-0.03345333784818649
497,8588348.0,0.03801741451025009
498,8617674.0,0.0644659623503685
499,8630372.0,0.02120712772011757
500,8635507.0,0.017658626660704613
501,8643075.0,-0.00040116673335433006
502,8654259.0,-0.10090122371912003
503,8689584.0,-0.02155076526105404
504,8720625.0,0.005038328468799591
505,8729201.0,-0.017864149063825607
506,8748198.0,-0.007278865668922663
507,8755572.0,0.011915423907339573
508,8756706.0,-0.01940901391208172
509,8791182.0,-0.042907796800136566
510,8792070.0,0.012136872857809067
511,8798857.0,-0.011202860623598099
512,8799827.0,0.040000658482313156
513,8811863.0,0.07613763958215714
514,8850559.0,0.02710113860666752
515,8870892.0,0.10231027752161026
516,8909151.0,-0.06421102583408356
517,8927817.0,0.03990703076124191
518,8929843.0,-0.003648737445473671
519,8953202.0,-0.01257740892469883
520,8962341.0,-0.07030793279409409
521,8967615.0,-0.031489260494709015
522,8974097.0,-0.010981110855937004
523,8976810.0,-0.04325005039572716
524,8996747.0,-0.014856548979878426
525,8998744.0,0.0058382423594594
526,9058385.0,-0.06953759491443634
527,9070632.0,-0.05463308468461037
528,9082343.0,-0.06755997985601425
529,9095521.0,-0.011180398054420948
530,9095543.0,-0.026739053428173065
531,9110102.0,-0.06400811672210693
532,9121599.0,0.03690682351589203
533,9143442.0,0.04717647284269333
534,9149049.0,-0.030292777344584465
535,9154645.0,-0.005648755002766848
536,9169062.0,0.027698470279574394
537,9206617.0,0.10075923055410385
538,9206749.0,-0.04315853491425514
539,9253266.0,0.04050399363040924
540,9261332.0,-0.021124111488461494
541,9294745.0,0.09164836257696152
542,9307022.0,0.02718052826821804
543,9316288.0,-0.11878030747175217
544,9348504.0,0.029453061521053314
545,9396169.0,0.01743883453309536
546,9407396.0,0.06260161101818085
547,9417093.0,0.050926607102155685
548,9417798.0,0.006617732811719179
549,9422235.0,-0.014112264849245548
550,9428794.0,-0.01883983053267002
551,9464407.0,-0.046896666288375854
552,9498110.0,-0.02113858051598072
553,9501097.0,0.0019532919395715
554,9515915.0,-0.017053453251719475
555,9516330.0,0.04157077893614769
556,9516334.0,0.03875360265374184
557,9520726.0,0.00769326975569129
558,9534633.0,0.013211512938141823
559,9540383.0,-0.014643412083387375
560,9541251.0,-0.07774042338132858
561,9568136.0,0.04406359791755676
562,9591107.0,-0.07816092669963837
563,9628122.0,0.002541134599596262
564,9639698.0,0.050249289721250534
565,9694945.0,0.05394360423088074
566,9700654.0,0.04540427774190903
567,9702303.0,-0.019291313365101814
568,9746583.0,-0.08222590386867523
569,9750579.0,0.036987174302339554
570,9753550.0,0.018003595992922783
571,9813415.0,0.05828846991062164
572,9837755.0,0.04973074793815613
573,9885347.0,-0.018968254327774048
574,9911773.0,0.034486882388591766
575,9921559.0,0.033449579030275345
576,9940333.0,0.05646436661481857
577,9951761.0,0.05843861773610115
578,9963566.0,-0.06076479330658913
579,9969127.0,0.03906341642141342
580,9977176.0,0.01984795555472374
581,9998528.0,-0.16218087077140808
582,10000000.0,3.0
583,10023366.0,-0.06681167334318161
584,10054000.0,-0.03963100165128708
585,10077229.0,0.09527017921209335
586,10078758.0,-0.021151471883058548
587,10127182.0,0.0454474501311779
588,10132002.0,0.014665348455309868
589,10152257.0,0.07725760340690613
590,10156693.0,-0.0038368706591427326
591,10164515.0,-0.06670094281435013
592,10167941.0,0.01658826693892479
593,10170699.0,4.229753903928213e-05
594,10201087.0,-0.026680180802941322
595,10213014.0,0.05564066767692566
596,10219763.0,0.013477911241352558
597,10229207.0,-0.0004989702138118446
598,10250970.0,0.047421425580978394
599,10255998.0,0.032351717352867126
600,10262534.0,0.06308982521295547
601,10265463.0,0.031947504729032516
602,10306777.0,0.023907065391540527
603,10329825.0,0.14369766414165497
604,10333218.0,-0.04081285372376442
605,10340346.0,-0.007326528429985046
606,10349669.0,0.06860094517469406
607,10351654.0,0.007022075355052948
608,10369926.0,-0.05569246783852577
609,10378651.0,0.045542601495981216
610,10412609.0,-0.01452123373746872
611,10422517.0,0.01704648695886135
612,10428148.0,0.03224971890449524
613,10443230.0,0.03164064139127731
614,10454924.0,-0.034746814519166946
615,10456480.0,0.0666506439447403
616,10532614.0,-0.03768901154398918
617,10536395.0,0.0019406734500080347
618,10537511.0,-0.038481246680021286
619,10552956.0,-0.0532161109149456
620,10559853.0,-0.03671209514141083
621,10560372.0,0.018806185573339462
622,10566935.0,0.13380442559719086
623,10572518.0,-0.08703679591417313
624,10584158.0,-0.007055163849145174
625,10600125.0,-0.014057265594601631
626,10605606.0,0.03858763724565506
627,10638487.0,-0.02651568315923214
628,10644292.0,-0.04550151526927948
629,10665092.0,0.0007283945451490581
630,10679637.0,0.0053556254133582115
631,10694330.0,0.020231323316693306
632,10697000.0,-0.044088758528232574
633,10701946.0,-0.04198760539293289
634,10711218.0,-0.10825366526842117
635,10729446.0,-0.0364735946059227
636,10737491.0,-0.018163233995437622
637,10737894.0,-0.006682295817881823
638,10742442.0,-0.025808462873101234
639,10745918.0,-0.043365709483623505
640,10755891.0,-0.0773535966873169
641,10778176.0,0.10102291405200958
642,10795407.0,0.06799519807100296
643,10824481.0,-0.05699826776981354
644,10837009.0,-0.06605207920074463
645,10854897.0,0.050815399736166
646,10925200.0,-0.08671428263187408
647,10931752.0,0.05244949832558632
648,10939090.0,0.003728132462128997
649,10942188.0,0.033050816506147385
650,10953494.0,-0.018977602943778038
651,10976190.0,-0.06994840502738953
652,11022841.0,0.04205861687660217
653,11023490.0,-0.0893356204032898
654,11035486.0,0.005041078664362431
655,11056612.0,-0.08220470696687698
656,11081784.0,0.04652676358819008
657,11099049.0,0.06029290705919266
658,11103912.0,0.0134922219440341
659,11105173.0,-0.06275154650211334
660,11115791.0,0.02392197586596012
661,11132775.0,0.0863623395562172
662,11133321.0,0.06980907917022705
663,11200245.0,-0.046073220670223236
664,11220235.0,-0.014039840549230576
665,11255772.0,0.03909129649400711
666,11304532.0,-0.1036696657538414
667,11309214.0,-0.03301692754030228
668,11318568.0,0.022227885201573372
669,11327357.0,-0.0553692989051342
670,11329704.0,-0.0006117237498983741
671,11367458.0,0.014437496662139893
672,11393896.0,-0.03454282134771347
673,11399032.0,-0.09252902120351791
674,11419302.0,0.017935775220394135
675,11422764.0,-0.056514982134103775
676,11476000.0,-0.12308888137340546
677,11476704.0,0.08356069028377533
678,11481926.0,0.06001114100217819
679,11496006.0,-0.017214380204677582
680,11532267.0,-0.011905775405466557
681,11544820.0,0.01922539435327053
682,11545379.0,0.033325713127851486
683,11590015.0,0.06503795832395554
684,11600180.0,0.005236221943050623
685,11606402.0,0.06879927963018417
686,11634738.0,-0.0640113428235054
687,11652511.0,-0.009973084554076195
688,11653074.0,-0.09604553878307343
689,11670020.0,-0.029527073726058006
690,11675652.0,-0.007191003765910864
691,11682611.0,-0.03227594122290611
692,11694994.0,0.06209762021899223
693,11733732.0,0.031183097511529922
694,11741665.0,0.03734365850687027
695,11752046.0,-0.07822081446647644
696,11761986.0,0.009096713736653328
697,11763173.0,-0.016127297654747963
698,11796170.0,-0.015085992403328419
699,11806902.0,0.026894036680459976
700,11816348.0,0.022481178864836693
701,11833566.0,-0.0009181355126202106
702,11834984.0,0.0037690564058721066
703,11846232.0,0.022668877616524696
704,11854833.0,-0.03371994197368622
705,11885778.0,0.07245811820030212
706,11888414.0,-0.07254096120595932
707,11897944.0,0.009589136578142643
708,11898114.0,0.05155390501022339
709,11914406.0,0.01935192197561264
710,11933793.0,-0.08171509951353073
711,11951647.0,-0.07007912546396255
712,12021687.0,-0.024195075035095215
713,12034987.0,0.004544297698885202
714,12064183.0,0.018888935446739197
715,12083017.0,-0.04147642105817795
716,12087585.0,0.02541743777692318
717,12100204.0,-0.05807902291417122
718,12165615.0,0.01642562448978424
719,12168528.0,-0.012082893401384354
720,12183480.0,0.008191227912902832
721,12199799.0,-0.027720164507627487
722,12238311.0,0.0005322866491042078
723,12254235.0,0.062441375106573105
724,12265869.0,0.006773390341550112
725,12268891.0,-0.03605175390839577
726,12269950.0,-0.03119918517768383
727,12317096.0,0.09241466969251633
728,12319746.0,-0.09721316397190094
729,12338622.0,-0.005894383881241083
730,12366287.0,0.002138341311365366
731,12374075.0,-0.12067144364118576
732,12380296.0,0.050799138844013214
733,12391638.0,-0.01403383444994688
734,12396019.0,-0.011965296231210232
735,12416406.0,-0.02545880153775215
736,12419642.0,-0.04952413588762283
737,12432638.0,0.09658540040254593
738,12436541.0,0.006078829988837242
739,12463346.0,-0.0836373120546341
740,12505539.0,-0.013609196059405804
741,12506363.0,-0.06098831444978714
742,12510888.0,0.0773301050066948
743,12514907.0,0.029322145506739616
744,12529025.0,0.020100586116313934
745,12536389.0,0.0268947072327137
746,12545310.0,0.05907878279685974
747,12553705.0,0.012434990145266056
748,12564928.0,-0.03894852474331856
749,12569186.0,-0.05253951996564865
750,12597389.0,-0.04898011311888695
751,12607870.0,-0.03277458995580673
752,12652822.0,0.07452959567308426
753,12654223.0,-0.07935138046741486
754,12667192.0,-0.02617347612977028
755,12685083.0,0.02834734506905079
756,12695869.0,0.024783024564385414
757,12698076.0,-0.027030235156416893
758,12700636.0,-0.051371462643146515
759,12714131.0,-0.07957883179187775
760,12718376.0,0.00788454245775938
761,12755073.0,0.01824503019452095
762,12765124.0,-0.06898990273475647
763,12774685.0,0.034597933292388916
764,12776123.0,-0.030532551929354668
765,12782054.0,-0.010409188456833363
766,12824598.0,-0.014059600420296192
767,12836794.0,-0.06187286227941513
768,12857716.0,0.00340138073079288
769,12859875.0,0.016187911853194237
770,12871587.0,-0.029981421306729317
771,12877035.0,0.005914164241403341
772,12895147.0,0.0823994055390358
773,12917478.0,0.0012574689462780952
774,12954740.0,0.020081499591469765
775,12960700.0,0.002737575676292181
776,13003220.0,0.045799992978572845
777,13022088.0,0.024683665484189987
778,13059720.0,0.060848869383335114
779,13078457.0,-0.11477843672037125
780,13106175.0,0.04711335152387619
781,13136754.0,0.06381943076848984
782,13148327.0,0.05644107609987259
783,13161949.0,0.0624060295522213
784,13171070.0,-0.03777679055929184
785,13181212.0,0.07940652221441269
786,13184751.0,0.018458327278494835
787,13205273.0,-0.0024059906136244535
788,13206251.0,-0.022693684324622154
789,13208388.0,0.08379168808460236
790,13232459.0,0.022052856162190437
791,13241285.0,-0.03593805804848671
792,13262526.0,-0.08096098899841309
793,13272847.0,0.0671655461192131
794,13281309.0,0.027792159467935562
795,13281979.0,0.06752989441156387
796,13288211.0,0.019654789939522743
797,13295900.0,0.03020296059548855
798,13302255.0,0.05763857811689377
799,13332317.0,0.05893927440047264
800,13335569.0,-0.06306924670934677
801,13346511.0,0.004114616196602583
802,13357851.0,0.03049774467945099
803,13374004.0,0.03460567444562912
804,13392412.0,-0.036889683455228806
805,13397364.0,0.013025014661252499
806,13407379.0,-0.0356881245970726
807,13494996.0,0.02446472831070423
808,13514980.0,0.07051849365234375
809,13551233.0,-0.02694675885140896
810,13567580.0,0.0232858806848526
811,13584546.0,-0.037660159170627594
812,13633564.0,0.01037539541721344
813,13641355.0,0.038347262889146805
814,13644808.0,-0.015529991127550602
815,13650638.0,-0.013567693531513214
816,13654615.0,-0.015587418340146542
817,13681522.0,0.029896071180701256
818,13751183.0,0.015086270868778229
819,13767026.0,-0.05340999364852905
820,13790404.0,-0.04078715667128563
821,13807092.0,-0.04880501329898834
822,13814727.0,0.05461550131440163
823,13816138.0,-0.047250062227249146
824,13840318.0,0.034678757190704346
825,13886919.0,-0.05008740350604057
826,13894827.0,-0.05491349846124649
827,13894892.0,-0.020490145310759544
828,13895390.0,-0.027669217437505722
829,13899632.0,0.0457456074655056
830,13901603.0,-0.08191592246294022
831,13914081.0,-0.05128747597336769
832,13921727.0,0.005206706468015909
833,13952306.0,-0.035040415823459625
834,13961978.0,-0.051014963537454605
835,13964426.0,-0.0696806013584137
836,13964764.0,0.04932094365358353
837,13984602.0,-0.0781119167804718
838,13989536.0,-0.08031776547431946
839,14015705.0,0.05650146305561066
840,14039634.0,0.023691171780228615
841,14043409.0,-0.05270951986312866
842,14078860.0,0.016832228749990463
843,14130419.0,-0.02867135964334011
844,14133465.0,0.017732007429003716
845,14134146.0,-0.10169516503810883
846,14138833.0,-0.053571898490190506
847,14150190.0,0.09175646305084229
848,14156404.0,-0.04534981772303581
849,14189178.0,-0.012302735820412636
850,14194917.0,0.022473352029919624
851,14199355.0,0.0943722352385521
852,14234992.0,0.04368661716580391
853,14281858.0,0.037502944469451904
854,14293247.0,-0.005873207002878189
855,14296921.0,-0.053808264434337616
856,14300427.0,0.019873203709721565
857,14306875.0,0.10980582237243652
858,14328309.0,-0.01631370559334755
859,14357969.0,-0.10740605741739273
860,14361305.0,0.019856097176671028
861,14367567.0,0.0683017373085022
862,14404093.0,0.00362255796790123
863,14405769.0,-0.018420182168483734
864,14418663.0,0.022634226828813553
865,14451699.0,0.034181009978055954
866,14455659.0,0.03038308583199978
867,14500540.0,-0.024987071752548218
868,14502868.0,-0.025963248685002327
869,14505114.0,0.026411131024360657
870,14523566.0,-0.14368219673633575
871,14536265.0,0.07461359351873398
872,14645829.0,-0.05220087245106697
873,14661027.0,0.08097437769174576
874,14668784.0,-0.050384245812892914
875,14672971.0,0.04344651848077774
876,14685680.0,0.01605025678873062
877,14693231.0,0.0024708248674869537
878,14712014.0,0.033042848110198975
879,14728116.0,0.026293843984603882
880,14731177.0,0.03150070458650589
881,14731411.0,0.056055180728435516
882,14739998.0,0.03847425803542137
883,14747838.0,0.0019043294014409184
884,14753945.0,-0.07878527790307999
885,14759308.0,-0.04516005143523216
886,14764702.0,0.03734826669096947
887,14797362.0,-0.008497416973114014
888,14814546.0,0.006094052456319332
889,14823158.0,0.011308696120977402
890,14823275.0,0.031261689960956573
891,14833125.0,0.012390872463583946
892,14839685.0,-0.05725371837615967
893,14844279.0,-0.09489250928163528
894,14851519.0,-2.4622335331514478e-05
895,14859230.0,-0.02718905545771122
896,14868196.0,-5.170872464077547e-05
897,14868229.0,0.06230772286653519
898,14874052.0,-0.0715004950761795
899,14882085.0,0.08400701731443405
900,14950992.0,-0.004095673561096191
901,14952718.0,0.03383498266339302
902,15004891.0,-0.05671871080994606
903,15036256.0,-0.06998245418071747
904,15041541.0,-0.030624497681856155
905,15045892.0,0.13900572061538696
906,15067940.0,0.16049164533615112
907,15078898.0,0.010185603983700275
908,15078951.0,0.04831008240580559
909,15111743.0,-0.025966396555304527
910,15124472.0,-0.0085194893181324
911,15129699.0,-0.025505540892481804
912,15137443.0,-0.03621329367160797
913,15154804.0,-0.03245684504508972
914,15168121.0,-0.030591556802392006
915,15186558.0,0.011541156098246574
916,15213075.0,0.017132261767983437
917,15259266.0,0.03416312485933304
918,15271765.0,0.03558484837412834
919,15290373.0,-0.049928925931453705
920,15313595.0,0.06616529077291489
921,15341883.0,0.007079736329615116
922,15349418.0,-0.03863799199461937
923,15399265.0,-0.03776554390788078
924,15408525.0,-0.0038365598302334547
925,15413230.0,0.019019590690732002
926,15431193.0,-0.04678553715348244
927,15460628.0,0.055769044905900955
928,15465037.0,-0.005128016229718924
929,15468414.0,0.036108169704675674
930,15506267.0,0.08103737980127335
931,15508932.0,-0.060701146721839905
932,15511545.0,0.017911002039909363
933,15513939.0,-0.024153003469109535
934,15569457.0,-0.03291984274983406
935,15574439.0,0.06745821237564087
936,15581142.0,0.06148618459701538
937,15612823.0,-0.023260822519659996
938,15635716.0,-0.01312276441603899
939,15676348.0,-0.04850145801901817
940,15703682.0,-0.08304060250520706
941,15713157.0,0.06164192408323288
942,15720894.0,0.009927667677402496
943,15726042.0,-0.034276679158210754
944,15742801.0,-0.051880817860364914
945,15751279.0,-0.033367618918418884
946,15758656.0,0.007693735882639885
947,15777742.0,0.019679855555295944
948,15794905.0,0.1214890256524086
949,15827793.0,0.04834720864892006
950,15857265.0,0.009045151062309742
951,15859594.0,-0.06376394629478455
952,15886885.0,0.047320522367954254
953,15890217.0,0.011120017617940903
954,15899405.0,-0.0006978861056268215
955,15955363.0,-0.020263928920030594
956,16033460.0,-0.007291411980986595
957,16038832.0,0.003651202190667391
958,16043935.0,0.0433618389070034
959,16067811.0,0.0027807136066257954
960,16070939.0,-0.007882550358772278
961,16075751.0,-0.07678809016942978
962,16105142.0,-0.039332129061222076
963,16112526.0,-0.039025336503982544
964,16160787.0,0.05258750915527344
965,16165979.0,0.09468405693769455
966,16166536.0,-0.05097466707229614
967,16170203.0,0.027948973700404167
968,16181544.0,0.007181272376328707
969,16196017.0,-0.10589601844549179
970,16239745.0,-0.04543041065335274
971,16240721.0,-0.020547108724713326
972,16244132.0,0.027203956618905067
973,16251211.0,-0.10706860572099686
974,16257203.0,-0.033981502056121826
975,16301768.0,0.0663972869515419
976,16307948.0,-0.03290753811597824
977,16354691.0,-0.04909224063158035
978,16367042.0,0.0329209640622139
979,16384510.0,-0.04234249144792557
980,16526843.0,0.02760273404419422
981,16527012.0,0.0547625795006752
982,16549966.0,-0.024141816422343254
983,16582321.0,-0.03056451678276062
984,16594157.0,0.07771967351436615
985,16603006.0,-0.020222315564751625
986,16620081.0,0.03366527333855629
987,16632221.0,-0.03152751550078392
988,16642957.0,0.013050687499344349
989,16686046.0,0.004690270405262709
990,16687544.0,-0.0009849303169175982
991,16733628.0,-0.004349869210273027
992,16736659.0,-0.09271752834320068
993,16786329.0,-0.006083781830966473
994,16836686.0,-0.006368968635797501
995,16852593.0,-0.002738078823313117
996,16874866.0,0.06576429307460785
997,16893628.0,-0.0049513294361531734
998,16923667.0,-0.02426418848335743
999,16945173.0,0.03229328989982605
1000,16959522.0,-0.11493409425020218
1001,17003863.0,-0.014300505630671978
1002,17007758.0,0.06557133793830872
1003,17028591.0,-0.08263509720563889
1004,17039526.0,0.06785836815834045
1005,17040678.0,0.019495191052556038
1006,17046390.0,0.060900215059518814
1007,17051920.0,0.02764657698571682
1008,17057219.0,0.037218548357486725
1009,17155803.0,-0.038048382848501205
1010,17159731.0,0.02566886879503727
1011,17166024.0,-0.05952718108892441
1012,17192036.0,0.04956335574388504
1013,17193339.0,0.013344191946089268
1014,17199529.0,-0.019315699115395546
1015,17217252.0,0.053772468119859695
1016,17218774.0,-0.0001997973013203591
1017,17240166.0,0.05802159383893013
1018,17312139.0,-0.0066200364381074905
1019,17338637.0,0.05403831601142883
1020,17361758.0,0.015382334589958191
1021,17365048.0,-0.029536616057157516
1022,17389749.0,-0.012513663619756699
1023,17391107.0,0.04215124249458313
1024,17421392.0,0.00847411435097456
1025,17424355.0,0.015446522273123264
1026,17446632.0,-0.057251740247011185
1027,17556463.0,0.032222919166088104
1028,17590023.0,-0.055817000567913055
1029,17609340.0,0.03928068280220032
1030,17614458.0,0.022266145795583725
1031,17646126.0,0.09942565113306046
1032,17666154.0,-0.049718234688043594
1033,17672199.0,-0.003385331481695175
1034,17716942.0,0.0039068651385605335
1035,17718746.0,-0.0038400436751544476
1036,17746512.0,-0.05842393636703491
1037,17749279.0,0.044930074363946915
1038,17757564.0,-0.02258075587451458
1039,17763250.0,0.0013338732533156872
1040,17782656.0,0.03704444691538811
1041,17783254.0,-0.021835749968886375
1042,17783592.0,0.008698316290974617
1043,17831792.0,0.048996493220329285
1044,17842744.0,-0.06750428676605225
1045,17854625.0,-0.021164540201425552
1046,17866013.0,-0.059160083532333374
1047,17876674.0,0.046964433044195175
1048,17897670.0,-0.08673037588596344
1049,17899025.0,0.018200110644102097
1050,17909156.0,0.039137665182352066
1051,17940464.0,-0.026321496814489365
1052,17970089.0,-0.07225312292575836
1053,17973191.0,-0.0378112755715847
1054,17985960.0,-0.018766986206173897
1055,17988951.0,0.021091043949127197
1056,18045722.0,-0.09410588443279266
1057,18075535.0,0.036859553307294846
1058,18079092.0,0.0143895810469985
1059,18087488.0,0.05615102872252464
1060,18119466.0,-0.03931668400764465
1061,18123268.0,-0.008129464462399483
1062,18149761.0,-0.058997102081775665
1063,18176663.0,0.004462923388928175
1064,18185635.0,0.0889875739812851
1065,18194081.0,-0.04734441637992859
1066,18197630.0,0.08109824359416962
1067,18202304.0,-0.0015341161051765084
1068,18209807.0,0.026904867962002754
1069,18209928.0,-0.021663065999746323
1070,18258178.0,0.07092830538749695
1071,18278230.0,-0.06583307683467865
1072,18286766.0,0.0271095372736454
1073,18301317.0,-0.002710705855861306
1074,18347436.0,0.024057475849986076
1075,18349682.0,-0.03221869841217995
1076,18354412.0,0.030201848596334457
1077,18356651.0,-0.1306229680776596
1078,18392959.0,0.04762383922934532
1079,18437305.0,0.05621393769979477
1080,18450252.0,-0.018890712410211563
1081,18465447.0,-0.002195923589169979
1082,18495940.0,-0.0461043156683445
1083,18508246.0,-0.021284976974129677
1084,18513314.0,0.024936918169260025
1085,18514113.0,-0.012671216391026974
1086,18514595.0,0.026758207008242607
1087,18530999.0,-0.04243606701493263
1088,18532801.0,0.01635933667421341
1089,18563712.0,0.05175715312361717
1090,18572067.0,-0.06446785479784012
1091,18596994.0,0.0058186957612633705
1092,18608691.0,-0.0471920445561409
1093,18633262.0,-0.009953566826879978
1094,18642768.0,-0.022506823763251305
1095,18659603.0,0.022463200613856316
1096,18675571.0,-0.012332948856055737
1097,18687101.0,0.04716262221336365
1098,18693614.0,0.025057239457964897
1099,18698293.0,-0.03161348029971123
1100,18701245.0,0.02396799810230732
1101,18704776.0,0.023712756112217903
1102,18713930.0,-0.04651781916618347
1103,18729271.0,-0.05292457714676857
1104,18742794.0,0.04719604551792145
1105,18785750.0,-0.018014533445239067
1106,18787679.0,-0.026213232427835464
1107,18803741.0,0.009829575195908546
1108,18808241.0,-0.02473476529121399
1109,18839301.0,0.04301689192652702
1110,18856736.0,-0.08475588262081146
1111,18864657.0,-0.057239703834056854
1112,18869549.0,-0.0027705838438123465
1113,18896949.0,0.09091241657733917
1114,18904400.0,-0.035716935992240906
1115,18923392.0,-0.02211998775601387
1116,18937132.0,-0.00808490626513958
1117,18939865.0,0.01101692859083414
1118,18959413.0,-0.01500062644481659
1119,18966122.0,-0.040181394666433334
1120,19015573.0,-0.006608462426811457
1121,19036214.0,-0.023700928315520287
1122,19065684.0,0.010782224126160145
1123,19145782.0,0.10951674729585648
1124,19148712.0,0.02085910551249981
1125,19159394.0,-0.05068465322256088
1126,19172920.0,-0.0062968069687485695
1127,19174589.0,-0.06632255017757416
1128,19194653.0,0.0703117698431015
1129,19206740.0,-0.0023099607788026333
1130,19230069.0,-0.09100689738988876
1131,19244629.0,-0.04982750862836838
1132,19262895.0,0.027475861832499504
1133,19264247.0,0.013787542469799519
1134,19264470.0,0.008880008943378925
1135,19378396.0,-0.014207638800144196
1136,19421539.0,-0.005525568965822458
1137,19452096.0,-0.03987778723239899
1138,19457043.0,0.014242582023143768
1139,19506728.0,0.022303210571408272
1140,19510487.0,0.025317247956991196
1141,19614896.0,-0.03933727741241455
1142,19621982.0,0.060311637818813324
1143,19641115.0,-0.10606477409601212
1144,19721211.0,0.04022633656859398
1145,19732620.0,-0.02477683313190937
1146,19748823.0,-0.02806081436574459
1147,19761024.0,0.008722938597202301
1148,19816997.0,0.047162484377622604
1149,19858554.0,0.02910412847995758
1150,19860535.0,0.10031872242689133
1151,19873750.0,0.030551254749298096
1152,19891495.0,0.014034248888492584
1153,19949953.0,0.01763072796165943
1154,19952404.0,0.0038213555235415697
1155,19957937.0,0.009714609943330288
1156,19966692.0,-0.023795541375875473
1157,19966886.0,-0.008540707640349865
1158,19968572.0,0.0074937958270311356
